id,datetime,dsar_f0-f1,dsar_f1-f2,dsar_f2-f3,dsar_f3-f4,rsam_f0,rsam_f1,rsam_f2,rsam_f3,rsam_f4
26,2025-01-12 00:00:00,23.85697224471987,8.244034682183552,2.2851354649891675,0.4540356300127927,0.2163093137975811,0.338770883810046,0.222445984051185,0.2049364431642414,0.8217228204284829
26,2025-01-12 00:10:00,8.499218330913559,9.671153323188364,2.110430452355834,0.5944933082966586,0.1788375679654435,0.4366122385506572,0.3034656234434035,0.2996498156849955,0.9404632050789477
26,2025-01-12 00:20:00,8.515752325769819,9.271273142651332,2.106105556848695,0.6571847028475942,0.1897754596500218,0.4517322026559908,0.3346219736877101,0.3321349591341961,0.8997805362183754
26,2025-01-12 00:30:00,8.318424978224277,9.298080707615815,2.316877438265072,0.5937986788066307,0.1731613880843141,0.4707787076996814,0.324048828658729,0.2922238432122596,0.8904153658537228
26,2025-01-12 00:40:00,4.562617171865683,23.322592620652685,2.3319740855969027,0.5683337890309088,0.2663997032897204,0.5768409284668983,0.3119854873404381,0.2811746203175021,0.9303485525096524
26,2025-01-12 00:50:00,4.269172262596726,21.03512099307676,2.271159292614621,0.5216018941099994,0.2258907936765387,0.5505007262816126,0.3046976187498542,0.2822638393361386,1.1419094700419172
26,2025-01-12 01:00:00,7.371385248683101,9.169321154543017,2.3319011866842727,0.5801388790878389,0.16243957512711,0.4536451825360997,0.3138587439989251,0.2804396702259625,0.8700262278619211
26,2025-01-12 01:10:00,6.877384100941681,9.467365202587365,2.353520741651135,0.5740913413174213,0.1610817773151262,0.4522850533274758,0.3157219828850826,0.2786616235050029,0.8755587891494158
26,2025-01-12 01:20:00,9.098467098010229,9.117715914963531,2.277014397577416,0.5796640128981476,0.1673076883959414,0.4485968124821438,0.3110214480297429,0.2830006149071222,0.8862136535077029
26,2025-01-12 01:30:00,9.83748659053817,9.339244604834182,2.2644112013553634,0.5774194350927937,0.1979007356081346,0.4515721785230441,0.3058946194189936,0.2832078028211349,0.8962761110983769
26,2025-01-12 01:40:00,8.909695212087414,11.104816451284972,2.3051774846380586,0.5671359575816931,0.2058133500251278,0.45469002379049,0.3072146482615346,0.2779555777388546,0.8880314542861671
26,2025-01-12 01:50:00,6.012951304932005,15.40536181427562,2.3480090081433764,0.5629482667325314,0.2135878440646739,0.5052492641005445,0.3117766714466664,0.2776971896168111,0.8931571744975528
26,2025-01-12 02:00:00,5.353744013470714,15.279631935441884,2.360910564648784,0.5763344157727772,0.1832862421854445,0.514793405043905,0.3194156674776438,0.283544910435641,0.8944181546181136
26,2025-01-12 02:10:00,4.453885421720585,20.137355846220707,2.309548276964967,0.5920183842460808,0.2137540453477235,0.562704812864993,0.3243486419163445,0.2896493591083916,0.8951622036982829
26,2025-01-12 02:20:00,6.40914099739829,9.072418062661784,2.298332647399083,0.5844352028806241,0.1548872594963295,0.445252910942617,0.3235676584202683,0.2899339143520245,0.9007377230148104
26,2025-01-12 02:30:00,9.517435958718517,9.070196247869726,2.314083484487784,0.5768071038593039,0.1822610234069838,0.4472377901376039,0.3156545511827405,0.2877405412091965,0.8968766409399049
26,2025-01-12 02:40:00,8.15455670947901,10.471076574103195,2.1236999466233164,0.6189297394696353,0.2033970668891647,0.4579916671119983,0.3178685414027507,0.319413170407921,0.9160038924005628
26,2025-01-12 02:50:00,8.942720084114848,10.795146152965446,2.059589832814207,0.6405120998373415,0.2204699436932194,0.4498883648165773,0.3160437230281508,0.3213322484774542,0.9020950555752372
26,2025-01-12 03:00:00,9.057132967334695,13.74887131818795,1.9297456981586567,0.6729992778009962,0.2475434256539672,0.478345485318903,0.3141198894910367,0.3310677616445568,0.913961472136508
26,2025-01-12 03:10:00,5.743624976132647,20.04255922660349,2.0705878240239537,0.6547531945634918,0.2380771022347438,0.5653467713807735,0.3198028254678743,0.3128661934278317,0.8825862103483085
26,2025-01-12 03:20:00,7.645940357220581,18.23053238629864,2.009222768696915,0.6751494322787072,0.2695187764574653,0.5317449084111481,0.3282717838088147,0.3199497394392454,0.8909992246743701
26,2025-01-12 03:30:00,8.293324646950193,20.52015739202012,2.022811063696707,0.6647190496120147,0.3415691345933421,0.5506881945858044,0.3216597914730626,0.3246365214912496,0.9017073555163692
26,2025-01-12 03:40:00,13.760458727601348,14.690030038085231,1.8829649363270269,0.6606565308271952,0.3531412791271388,0.4783952998333514,0.3036581031856762,0.3323463577435379,0.9416624691093112
26,2025-01-12 03:50:00,7.515881919029328,9.202347916107133,1.962932214366648,0.6450111774803322,0.1638943082125388,0.4488170703103288,0.312218067098077,0.3344326689600018,0.9769313507753444
26,2025-01-12 04:00:00,11.864654910988374,9.504821808444351,1.935781797349423,0.6690126043476212,0.2173486300161756,0.4390099955718761,0.3139397326875258,0.3368822749237391,0.9284281807978472
26,2025-01-12 04:10:00,9.992752654066033,13.852805317967578,1.9473805545965952,0.6641682742663118,0.2875902543702574,0.4801911412680296,0.3194754542154502,0.3354501722287353,0.924327085691189
26,2025-01-12 04:20:00,8.421048887139849,9.03994908130358,2.012592328315198,0.6543231891607216,0.1737897589791184,0.4389396116891674,0.3257096267077696,0.3281708706045182,0.92004110930699
26,2025-01-12 04:30:00,8.312021349033031,8.851635429432575,2.0374200097470103,0.6683974838799146,0.1700288529653774,0.4470443293178026,0.3371758875461295,0.324013896922858,0.906805426030327
26,2025-01-12 04:40:00,8.252130151064316,8.80178848666814,2.0667396857833182,0.6640340783882975,0.1766332359540797,0.4510625284200119,0.3465201394017311,0.3193278240235916,0.9104139854545368
26,2025-01-12 04:50:00,7.676333984838292,8.666089489204152,2.1631709894106805,0.6324673377695534,0.1647425656427245,0.4515584302402678,0.3406152781554397,0.3056986686840112,0.90435496945435
26,2025-01-12 05:00:00,8.054768131519227,8.4916490129469,2.263589052253556,0.6136655184579943,0.1601815513477944,0.442414653639448,0.3440191620258525,0.3030383668665853,0.9016934080068604
26,2025-01-12 05:10:00,11.873450664620606,8.493985804350745,2.3503850283677408,0.5879495153561639,0.2118043576602166,0.445065564355898,0.3515101244596654,0.3069645898121781,1.0314274391394818
26,2025-01-12 05:20:00,10.096187641802157,8.37524313140474,2.355845374117125,0.5978694280613013,0.1750935077032175,0.4588989090021872,0.340269742899703,0.2983581581166625,0.9339224157946552
26,2025-01-12 05:30:00,9.379175148961428,8.918332936059736,2.3993457770053856,0.5846381714444155,0.1786684240972062,0.4741202464332492,0.3304868463335868,0.2881575722072363,0.8991877456775623
26,2025-01-12 05:40:00,7.651568297372355,9.933123081885949,2.256642339959303,0.5465382896051677,0.1674336731564814,0.4763917539794425,0.3154167479901333,0.2892436743723755,1.0410549956951154
26,2025-01-12 05:50:00,8.201152024150968,9.996989426185523,2.351142248085944,0.5703862435682345,0.1747952696864169,0.4871731573231816,0.3200977344305385,0.2838496194467326,0.9154396279544548
26,2025-01-12 06:00:00,6.377562785199197,11.467998553297209,2.3038665197663954,0.5801685817439637,0.1861921256251104,0.4931901420229111,0.3173504717475065,0.2868699592439178,0.8969920694014939
26,2025-01-12 06:10:00,7.220530500659771,10.294348936113614,2.319495533020861,0.57765306763909,0.1771760710446446,0.4784916642756316,0.3196793640002315,0.2872452177842644,0.8990824985799445
26,2025-01-12 06:20:00,8.426919490941271,8.789795403318132,2.331689999654853,0.5795973392948861,0.174899469916425,0.4660091194961956,0.3280206370661541,0.2914010469014784,0.9084223314809312
26,2025-01-12 06:30:00,7.721616604775176,10.327307595918,2.2785730857546698,0.5753834026879004,0.1802895141734395,0.4818002789685677,0.31853568153349,0.2896034121970715,0.9080854322026912
26,2025-01-12 06:40:00,12.581288062725177,10.36011435491255,2.3497883760736946,0.5868394027486662,0.26119329890909,0.4804083800281237,0.3294172013357506,0.2935955992901859,0.909566127530318
26,2025-01-12 06:50:00,8.520312071549052,8.649934610164255,2.2269318729613383,0.3997745740207303,0.1835976701619293,0.4619433784680377,0.3439698602920339,0.3269907520731513,1.707043300466904
26,2025-01-12 07:00:00,10.312518009059534,10.206750465136684,2.4131731263180494,0.5920868937696131,0.2543699404294758,0.4824132844964438,0.3471140837120126,0.298169346888344,0.9244496954671164
26,2025-01-12 07:10:00,12.076442521011446,9.44843582649544,2.4744923186526946,0.5992097178038501,0.247151674838984,0.4668811380111831,0.3454076409368729,0.2960741110436943,0.8943946339799036
26,2025-01-12 07:20:00,9.96099481504644,9.43746346919497,2.460242383892424,0.6152785371419527,0.207516050940608,0.4669133063355105,0.3576423090854594,0.3022421413608053,0.8949205266309032
26,2025-01-12 07:30:00,7.120057171681696,9.088219845947576,2.4149530321742576,0.6022576953396048,0.1692781620408646,0.4562194437360317,0.3453404222075523,0.2980373230615357,0.8918397908469662
26,2025-01-12 07:40:00,9.895129927933397,8.959070226695884,2.3372876285876063,0.5976329123731641,0.1858126058595685,0.4455444656927343,0.3421280549235345,0.299562304051109,0.8991791205759965
26,2025-01-12 07:50:00,7.914312566818052,9.12863623032602,2.312432368679296,0.6048692391345276,0.1776863324109662,0.4516147326692537,0.3412178971794815,0.301289702318864,0.8892287676626068
26,2025-01-12 08:00:00,9.58614708391442,10.029822103839685,2.280598834173497,0.6058158896024964,0.2085561518987332,0.4524382392589856,0.339630838612384,0.2979019028771104,0.8862447887325753
26,2025-01-12 08:10:00,11.037594298545248,10.287327199937256,2.177671367754481,0.6223103702692457,0.217736454881868,0.4537208027906046,0.3390081747226778,0.3001319394997049,0.893292637032358
26,2025-01-12 08:20:00,9.211150376505255,9.653525477061388,2.042721329719543,0.6748774768249821,0.1933024028108362,0.4691415162162007,0.3429553812046456,0.3181654232165754,0.892879890847727
26,2025-01-12 08:30:00,7.106642385681868,13.493403071552551,2.009490636744997,0.6721292572265262,0.2403638541102348,0.4857694914588887,0.3321080979044961,0.3221450248871291,0.8984594283254744
26,2025-01-12 08:40:00,5.516898987222617,18.50668140720297,2.0520760217023497,0.6601232767655552,0.2523455801872191,0.5285219594822871,0.33113897823488,0.3218784959079943,0.9016638526481722
26,2025-01-12 08:50:00,6.922160065543352,15.491892514193784,2.0526967360831656,0.6485758067490829,0.2512778802512129,0.5062081644530478,0.3181225687832373,0.3178714422773125,0.8943912015519119
26,2025-01-12 09:00:00,4.51165837713849,19.49818782281164,2.052423017950465,0.6456756881582126,0.2188322360137521,0.544046054171249,0.3136264227094957,0.3188212743409149,0.888535968182248
26,2025-01-12 09:10:00,9.08992756489011,9.819869831917911,2.085283411481732,0.6374783316535393,0.1870478306667052,0.465175236543575,0.311714263731961,0.3175991631811259,0.8907611191039609
26,2025-01-12 09:20:00,8.882631194944478,11.73660345817734,2.080456011680888,0.6244664962023948,0.2184903907700656,0.4786159581869419,0.3068919898086513,0.3160068863415617,0.8902152011906159
26,2025-01-12 09:30:00,9.130538641374804,10.529502305399964,2.12737546792711,0.6299903990436936,0.2107408652279368,0.4633814037980772,0.3182543298900704,0.318261546771678,0.8953277663092138
26,2025-01-12 09:40:00,9.675471283707214,9.770368663131777,2.135432294895784,0.6288575332106066,0.2026226901417981,0.4511292629116863,0.3242630409894698,0.3212690618664426,0.9074601167439248
26,2025-01-12 09:50:00,8.827426378375668,11.074925116791372,2.182978228608272,0.6072864812410669,0.2298945356281699,0.4659568094105705,0.3146918280913182,0.3096493195527848,0.8960823929864049
26,2025-01-12 10:00:00,7.127551011488438,11.20964778164699,2.2654411232366813,0.57923426459842,0.1950458653290446,0.4668864754963286,0.3116151856837659,0.2937621485816994,0.8989014273110646
26,2025-01-12 10:10:00,8.607116192620476,10.390857275713676,2.270318287767978,0.5787602473457178,0.1906059854719478,0.458868799686324,0.3102534850900513,0.2897238111836134,0.8919150016873811
26,2025-01-12 10:20:00,5.884047580317749,19.172458764106548,2.2597121468368666,0.5831316355401868,0.2438556922658476,0.5473286903158141,0.3149778624816233,0.2901844628722422,0.8942653246249551
26,2025-01-12 10:30:00,8.263456893842163,15.68111810643817,2.2829589484200605,0.5822362450827926,0.3024916029745321,0.5099430021690231,0.3153917321906652,0.289378636726549,0.8989027238667832
26,2025-01-12 10:40:00,6.635153592176579,12.149091300670726,2.222999472756209,0.5886087988946462,0.2008526745922983,0.4710163901406231,0.3099773856118715,0.2904410177179887,0.8927514227926339
26,2025-01-12 10:50:00,5.155807787939863,17.964787269532938,2.275465485568464,0.5838493533021993,0.2203839272246828,0.5341153811905778,0.3118622832868921,0.2859227230360719,0.8843055703837114
26,2025-01-12 11:00:00,7.835733413726414,14.460655950334726,2.329713471462844,0.5711834076152735,0.2181674067017495,0.4947289033448478,0.3104682181273881,0.280363164008764,0.8803854002162737
26,2025-01-12 11:10:00,7.679179435452809,14.720078510964145,2.3108950355624893,0.573812886563776,0.2415134525076225,0.4937566765238133,0.3098815792465506,0.2804257559476379,0.8800971090213483
26,2025-01-12 11:20:00,8.934174022404507,12.279031104443185,2.26949500152057,0.589161631385306,0.2307593720642619,0.4664628689361976,0.3123404323383825,0.2883846895802199,0.8793242172131551
26,2025-01-12 11:30:00,8.597706585409249,10.70940860411524,2.3044304829328963,0.5766613395019179,0.1957401762099029,0.458621877200912,0.3123720353826927,0.285409969861583,0.8870179908777742
26,2025-01-12 11:40:00,9.221806412195932,10.92437330241807,2.2227160691846515,0.6026160974884803,0.2044089199734319,0.4613667628794063,0.3184714415739986,0.2962117619275517,0.8855147892574898
26,2025-01-12 11:50:00,7.119552417043582,9.26433560882663,2.250455781608778,0.6069491348266062,0.170146207569773,0.4471283053346324,0.3259803425368405,0.2937186168202403,0.8741098796151002
26,2025-01-12 12:00:00,10.55501524172842,9.981831795638524,2.303090882560741,0.588320620391966,0.2343543996678758,0.4574668316102261,0.3163554939652592,0.2866128974667468,0.8765635045133292
26,2025-01-12 12:10:00,5.887908648918006,15.81670844402254,2.1902394367392333,0.6149958080494424,0.2355482565948967,0.5123757409889104,0.3166490325243245,0.3098836717366101,0.8980605008537932
26,2025-01-12 12:20:00,7.154557200760216,17.71191374314644,1.8930054954458764,0.7766508670305935,0.2906388286568259,0.5308449353270995,0.3756629432224868,0.3636085560305143,0.8895122345513645
26,2025-01-12 12:30:00,8.589394748069097,13.256423405258555,2.2615069065485187,0.628351520642239,0.2384593336691196,0.4992026969642296,0.3328055873905557,0.3045943883029352,0.8764394047836143
26,2025-01-12 12:40:00,8.166803439601244,9.27480035483028,2.2822595270654675,0.608460930079766,0.1681170685485017,0.4444675450392018,0.3178466544373506,0.2882447398004816,0.8568898256978408
26,2025-01-12 12:50:00,9.619100916411208,10.693610800287525,2.3190295748411325,0.5852131503057518,0.2289857994026019,0.4605362457135067,0.3065288948202465,0.2794623580334863,0.861549965830085
26,2025-01-12 13:00:00,9.352367420317638,12.70406393978094,2.322631567547812,0.6006046221693695,0.2509967160093607,0.4832190100524197,0.3153756408108576,0.2838401711412059,0.8503556264422084
26,2025-01-12 13:10:00,10.436872549774382,11.816061476704483,2.265791519366721,0.607379337193225,0.2470344397295266,0.4665872806546516,0.3073101022753595,0.2876684367179989,0.8436273093315331
26,2025-01-12 13:20:00,7.036768464817589,10.244782979841832,2.21395943474882,0.6119266455189153,0.1727392756671429,0.4512346840954657,0.3044518189934352,0.2893046786543062,0.8496367560121935
26,2025-01-12 13:30:00,7.203465936540386,9.505796897757628,2.2511955287403214,0.6119443441165525,0.1619809415480069,0.4488072149949346,0.313334213423851,0.286572898716819,0.8563688532484902
26,2025-01-12 13:40:00,7.369875756821785,9.777136544298212,2.296874793346116,0.6023159310184516,0.1600816837676646,0.4565613126997494,0.3129843495266955,0.2812127433627729,0.8449835092987037
26,2025-01-12 13:50:00,7.346151021880852,9.416965075957917,2.3715960296752834,0.5895591216363935,0.1651708951948742,0.4542447835994895,0.3149167034046987,0.2774875610756844,0.8448901988835144
26,2025-01-12 14:00:00,7.481737880295359,9.38918817804328,2.3578398155181564,0.5872234005686499,0.169384160324246,0.4536346634373073,0.310751473279548,0.2778367938616909,0.8522002720564988
26,2025-01-12 14:10:00,10.949487130874166,10.815760558079202,2.3549136282231764,0.5865403811360044,0.2438663936514751,0.4681709201686321,0.3074363086179318,0.2767617684015624,0.8478336689860657
26,2025-01-12 14:20:00,9.296564372934396,10.349959952016643,2.325981177166491,0.5948458098594338,0.1977045274184664,0.4614433826521305,0.3085578398007297,0.2790427215452135,0.8455928011423817
26,2025-01-12 14:30:00,8.849818765954199,9.69119923725088,2.4031821257449453,0.5866965965295544,0.1856288870723542,0.4622694941899876,0.3151100440037204,0.2763712783105877,0.8536292808314443
26,2025-01-12 14:40:00,7.5103743118596595,9.192170136150988,2.4126560387859373,0.5813822859053215,0.1675044649843808,0.452803415011411,0.310782386462257,0.2733545285536934,0.8498841361707653
26,2025-01-12 14:50:00,7.626738076597445,8.820546681305835,2.415362642819648,0.5955951026377644,0.1648263501832725,0.4482545186854758,0.3221013374212295,0.2767916437994204,0.8457423050210364
26,2025-01-12 15:00:00,7.356119821806144,9.422090362552796,2.324138264701877,0.6107453794157772,0.1678830307556663,0.4545210308575135,0.3196746059495534,0.2824259921986286,0.8438161703559071
26,2025-01-12 15:10:00,8.024018548874775,9.416788378247375,2.241506986259648,0.6223323357673006,0.1697526007654428,0.4524416435715532,0.3141535659603136,0.2891464797773216,0.8458482898680179
26,2025-01-12 15:20:00,7.230950956245457,9.266435578717354,2.272327794262598,0.6182917517244599,0.1610155679315243,0.4436291271820816,0.3139798380590315,0.2882964091787251,0.8469523536063531
26,2025-01-12 15:30:00,7.757229529038991,9.079772831926752,2.289349615428879,0.6133961501042882,0.1620655411338518,0.4465294649982185,0.3126987520918426,0.2879927465149609,0.8426133348183302
26,2025-01-12 15:40:00,10.423437011232444,11.804291091842648,2.330159703313757,0.5931654044332884,0.2648575207227998,0.4799108523590137,0.3059715071404501,0.2797170171683393,0.8415055532824334
26,2025-01-12 15:50:00,9.568152137193136,9.954460842778335,2.3150210489088967,0.6008106851300715,0.1940230011305619,0.4586121309792998,0.3069041993145827,0.2798409352452086,0.8418186152796523
26,2025-01-12 16:00:00,6.834760761752837,12.770883925924002,2.3420326948049857,0.5974946038130299,0.1922063046743148,0.4841269140181948,0.311525676232225,0.279694310217967,0.8467932131332551
26,2025-01-12 16:10:00,8.267147502385171,9.46997710401896,2.3156286159392216,0.5905876587650313,0.1662691248313287,0.4478213412782899,0.308277485862383,0.2798845355603546,0.8570477502398118
26,2025-01-12 16:20:00,7.85570676202268,9.195591585507888,2.315643128964078,0.5896924375326601,0.1648192152995636,0.4476476032798672,0.3048094703402023,0.2776575668964093,0.8493490923775237
26,2025-01-12 16:30:00,8.048449226271643,9.752567030807803,2.335985740512926,0.5883948892180308,0.1752615664802869,0.4507422926202722,0.3023188005481619,0.2741575886558651,0.8407844171349467
26,2025-01-12 16:40:00,6.621512111331569,10.863139565299909,2.3160109418786465,0.5951170640345513,0.1781304002151983,0.4619767018898045,0.3023952646133447,0.275502974630582,0.8365595956193898
26,2025-01-12 16:50:00,8.001448891699317,9.476049640432112,2.34823672431365,0.5885074260604578,0.1583168389282737,0.4552807523797595,0.3048784807881442,0.2742479424421205,0.8420646519446294
26,2025-01-12 17:00:00,8.77853316012399,9.459158032654708,2.3338631641408827,0.596235070483114,0.1782593251801558,0.4440600066695444,0.3074573080947902,0.2759331622759547,0.8416804168256814
26,2025-01-12 17:10:00,9.513870443624922,10.246042824920153,2.3534858302455124,0.5953296995978873,0.2037043742410733,0.4633962753883107,0.308639412218527,0.2752275824759522,0.8406200228136077
26,2025-01-12 17:20:00,8.711984783734918,9.39345220150763,2.352358302653561,0.5950836589035989,0.1795531644439857,0.4612149419071623,0.3070182776043447,0.2756227065420971,0.8418246085738614
26,2025-01-12 17:30:00,7.30161139200754,9.835959018639706,2.325117742348396,0.5814151688041087,0.1621544821451088,0.4591090913308263,0.2988299374877439,0.2705408896936132,0.8442798582455219
26,2025-01-12 17:40:00,6.644125874560281,11.967821445712236,2.340229525759725,0.595237235847799,0.1787335169018485,0.4787608264209849,0.3041118332692542,0.2724494255762814,0.8300686781562605
26,2025-01-12 17:50:00,6.023896567751502,13.345819354300312,2.330518078326949,0.5922869663533193,0.1749089196332496,0.4831479793290442,0.3050669045915068,0.2738726491257206,0.8416167160298751
26,2025-01-12 18:00:00,3.463500439906216,24.12098092966909,2.3718626315967093,0.6119895888459718,0.193835405648088,0.610798871703052,0.3178549480836115,0.2810656530270752,0.843490280167531
26,2025-01-12 18:10:00,6.987720288203198,13.412377266363622,2.3939979989200384,0.6026951757474975,0.2145662870201268,0.4955307126167017,0.319412629880952,0.2768236478679696,0.8464518290015137
26,2025-01-12 18:20:00,6.106743328325775,18.43766876592408,2.296644373777466,0.6140212396565022,0.2646323191402541,0.5325204273794416,0.3064366819501356,0.2796496687594537,0.8342892988715269
26,2025-01-12 18:30:00,6.320399144235617,11.626621549977296,2.2765904940937425,0.6034015548641478,0.172077194534942,0.4740399257315105,0.3005873833451212,0.2740541458605668,0.8318771062839275
26,2025-01-12 18:40:00,6.014442209452127,14.37708178701751,2.267374101786556,0.598061529546661,0.186819072125751,0.4896276875294316,0.2983707327614797,0.2753124706393202,0.8386888775810778
26,2025-01-12 18:50:00,8.428560458625,12.51225852737195,2.3629406404830053,0.6066364524813543,0.2250088972708117,0.4675447960243307,0.3140801131055787,0.2778490524912477,0.8423334656706448
26,2025-01-12 19:00:00,8.691804641067177,8.804346323100111,2.351426125265564,0.5983703905799745,0.1672764607432002,0.4455048021439466,0.3097854232419946,0.2762878079564534,0.8433032929815114
26,2025-01-12 19:10:00,9.99589778384695,10.071243226912632,2.335361038166385,0.5938344940068502,0.2242191167749737,0.4555647923195788,0.3036031332158779,0.2740686825522996,0.8451191551551085
26,2025-01-12 19:20:00,8.047984096536585,9.096099923952364,2.2672114032336004,0.6927491261681384,0.1829946444487897,0.4885854189308508,0.3508873311637293,0.3324730399959284,0.84725951289085
26,2025-01-12 19:30:00,5.222733159936956,5.130429705785132,2.530571739913046,1.2270835890731138,0.1881865102650926,0.7027399463378423,0.8397841351429883,0.6391549853410847,0.9320416064124908
26,2025-01-12 19:40:00,5.568400844865643,7.83972502344655,2.022839844392043,1.1213597814312823,0.2057350408832216,0.7167841456059196,0.6121051237669084,0.6213264698972815,0.9487473907050664
26,2025-01-12 19:50:00,9.86333175119566,11.692648589692324,1.0138180716364902,0.9891333307574356,0.247269798476817,0.4713335643168383,0.330669779250967,0.7377547760050167,1.1505283901793035
26,2025-01-12 20:00:00,10.562931778127057,4.618252824446486,1.46758913200033,2.026149747490366,0.2292911079332552,0.4659700069247379,0.9539064718508626,0.9086040304940814,0.8686427541792422
26,2025-01-12 20:10:00,6.017251934665974,3.4721202526487978,4.729027719445791,1.0087757992226625,0.1928740236657556,0.7192541178065237,1.06060007805318,0.4507307219661791,0.8206093989413836
26,2025-01-12 20:20:00,7.044291254415455,10.697427313720008,1.1046242121425467,2.0473637272286287,0.3006886086929677,0.537162126392783,0.6965457748656569,1.0211733251831772,0.8890594837170087
26,2025-01-12 20:30:00,6.423960682531085,6.707605659029177,1.726190568623024,1.910986239120976,0.241213468021032,0.5111043600961542,1.080987962798666,0.8041284013604695,0.8558788183431331
26,2025-01-12 20:40:00,8.533402523147226,4.121063256023919,1.697750411986299,1.8970683237458448,0.1813163923919716,0.455917954373943,1.063876086384901,0.8040897133711359,0.8633177733856243
26,2025-01-12 20:50:00,8.163837454213034,6.973104268705467,0.696341061124151,2.3893797748970944,0.1638140244595065,0.4395328635823591,0.5327993387032744,1.1727502550013396,0.8832718752541024
26,2025-01-12 21:00:00,8.446965216430998,8.055133021947562,0.7948301739418874,1.811835960421596,0.1743278936953195,0.461649055534671,0.4163262100781043,1.0641828140152605,0.933603909500158
26,2025-01-12 21:10:00,8.022738103837348,8.575743392252676,0.8124557910951784,1.3348686173758366,0.1581242294108189,0.4389135301161166,0.3584397051890461,0.9513479994320204,1.03252347918183
26,2025-01-12 21:20:00,10.170634479132788,10.7117551428058,1.7604711506031212,0.4887745922999515,0.2309816140367014,0.457232679258,0.3080763001045333,0.4043690902474873,1.2845127484152206
26,2025-01-12 21:30:00,10.120933529560167,15.028635616097072,0.8744061123975596,1.133712547634414,0.300811943823378,0.4938460877790411,0.3206304688882347,0.89857991483984,1.0700306105920514
26,2025-01-12 21:40:00,6.015219388601207,19.31462784077218,1.4173904577778895,0.6242143482305792,0.2413409800459198,0.5356408581143464,0.3129013356337765,0.5296955924698504,1.2495766376118724
26,2025-01-12 21:50:00,8.685848947024132,11.496994645317184,0.6717633895432709,1.8704106725415115,0.2259005487108175,0.4568617027137044,0.3566915772013489,1.1254273282151248,0.9221360709619908
26,2025-01-12 22:00:00,8.298223302365283,14.618117850887431,0.7831219655516432,1.4357735928296391,0.2567737259552302,0.4836931645157504,0.3386850373696787,0.9844397900564472,0.9864832791596956
26,2025-01-12 22:10:00,9.4072600133755,9.92146113836845,0.8641326741740861,1.1814537678619352,0.1990015310552055,0.4567046482778696,0.3256920784019932,0.9340272718519698,1.059587448341074
26,2025-01-12 22:20:00,5.705162352829934,11.611530364055044,0.935116735342486,2.1085048025565825,0.2237153653065356,0.5292593411065265,0.6328339608752698,1.0651611370094591,0.9056828117808248
26,2025-01-12 22:30:00,3.651372025773767,9.183238629739508,4.1232046118609205,0.984010586374483,0.2681479124048784,0.8605160454401468,0.9230663534987632,0.4417996520556742,0.8338627068910278
26,2025-01-12 22:40:00,3.96343764416452,24.223387009153125,2.93090464719518,0.6190055138369477,0.3686232109706325,1.108934689088766,0.3799328945870677,0.2855212825826377,0.8236781925132487
26,2025-01-12 22:50:00,5.368024325591802,10.259002224373145,4.015807579791644,0.6383709024217283,0.2343392747580626,1.178422765822044,0.5081001656945975,0.2911835684030073,0.8204669495216976
26,2025-01-12 23:00:00,6.889172004412325,4.041807508866004,5.077017822190969,0.8101681609235563,0.1907166222817901,0.930982328846131,0.8098433989909641,0.3597667205442585,0.8300594595165925
26,2025-01-12 23:10:00,8.967152855707385,2.770271802193709,4.236899192388316,1.0948600815380134,0.1851498967257711,0.530088949453177,1.1494519115018256,0.5113614845159884,0.8437078424809623
26,2025-01-12 23:20:00,8.799953065851426,3.3142155256919024,3.162084379350176,1.166114837299655,0.185560248646614,0.4573896211763797,1.0832130637737318,0.546685183855257,0.8662915419033579
26,2025-01-12 23:30:00,13.431842569084786,10.151200951049995,2.153513823801259,0.3696278364354509,0.2483977787753595,0.4468792018547223,0.3118542150454552,0.3020820521320293,2.016064021399856
26,2025-01-12 23:40:00,6.577562236772446,16.778549586387996,2.201601888899916,0.3223212750196692,0.2418815906842515,0.502958887587875,0.3116738618610343,0.2954566928010512,2.2433226810813536
26,2025-01-12 23:50:00,5.558473396487814,10.73129254596507,2.277684499661317,0.3147089639777797,0.160061177502924,0.4519735527582614,0.3040628994330742,0.2812204304076036,2.1609521494130663
26,2025-01-13 00:00:00,13.484909732171358,8.369575577092778,2.4150837806471577,0.2367715773953023,0.1483080657015417,0.3370154187640883,0.2298528895962243,0.2029503765905182,2.0428429694381767
26,2025-01-13 00:10:00,4.782578987198635,11.3114476731357,2.2606731249417926,0.3623727367836824,0.1593053814868356,0.4955741716030133,0.34915279280727,0.316956980928274,2.124524873321912
26,2025-01-13 00:20:00,7.221074484278583,9.157817812578994,2.180971632769264,0.3626011306393283,0.1610040191193457,0.4519677407614937,0.3129582913238869,0.3067874006767979,1.97776860591228
26,2025-01-13 00:30:00,7.022528138101557,12.986796719472911,2.164376561073142,0.3668488706260278,0.1958970701478443,0.4731061077367197,0.3141160491183429,0.299144250838156,2.064239837710735
26,2025-01-13 00:40:00,5.355675375712591,19.623233815028456,2.091980644851444,0.3886431733439776,0.2306368866525177,0.5224742864969653,0.3029288790093332,0.3028622487883416,1.9753331716754927
26,2025-01-13 00:50:00,7.077832451301847,9.919583267152268,2.04854782716386,0.3929426353183627,0.1645985512425129,0.4403101216184983,0.3071050680514767,0.3092696800460354,1.985727009633102
26,2025-01-13 01:00:00,7.975939611929418,9.633003689930051,2.1498910046621167,0.3915165508821241,0.1690439467233017,0.4376137942692389,0.2978216796486317,0.2929483460104555,1.8728733382550844
26,2025-01-13 01:10:00,8.733626850892724,9.2159368074511,2.1339350187985326,0.4029947756870644,0.1606213150087142,0.436644535324496,0.2927745213405766,0.2889840370604302,1.805772801189342
26,2025-01-13 01:20:00,7.753360125699703,9.701910100068275,2.1851362783688546,0.4215938678668869,0.1582255874067559,0.4335164387949513,0.2953522600954006,0.2827609707886122,1.6614498278248797
26,2025-01-13 01:30:00,7.334376393479525,9.543250953475168,2.2057832431587245,0.4425161327171853,0.1537473831301042,0.4373849154905512,0.2963137809309741,0.2831672808478397,1.568410994659749
26,2025-01-13 01:40:00,6.126217703540468,15.9145558049464,2.1327266530840485,0.5027480999753521,0.1982466937667701,0.5002331457259559,0.3009220174654007,0.306833417281648,1.4144175322464558
26,2025-01-13 01:50:00,8.45739398407172,10.87137157719494,2.0286981574950707,0.5422873805572785,0.1863787105645943,0.4496284295083937,0.2978625985146433,0.3122188296692818,1.3105230594375332
26,2025-01-13 02:00:00,3.2456314736836216,24.93909623341656,2.03040093745584,0.5919925506689324,0.1942306924106259,0.6022056462033748,0.3176818551733783,0.3296008738283825,1.2043221507639097
26,2025-01-13 02:10:00,6.661639909964168,11.511688393742515,2.0397646811434,0.6016547339621726,0.1720195877954579,0.4611499692465407,0.3051071299340656,0.3055403189144897,0.9016599972947464
26,2025-01-13 02:20:00,8.120327954922045,9.276995871328213,2.3066376843321543,0.546051151472719,0.162326330111363,0.4613628456716052,0.3319915671729293,0.29171774237073,0.9297078167251044
26,2025-01-13 02:30:00,8.417432011359537,8.74299707430376,2.3527971891073785,0.5605241382220197,0.1794056852228555,0.4524392046905263,0.3391267228974463,0.299929985031468,0.9371580174462452
26,2025-01-13 02:40:00,7.234354433447407,9.376895341283992,2.290282085666272,0.5401685349730753,0.1648547280377454,0.4748859750104316,0.3205934276127097,0.2901456606060042,0.9463186550773532
26,2025-01-13 02:50:00,8.72132928959286,8.159124005952272,2.356320047634259,0.5465646016859917,0.1644446735167339,0.4451270492361319,0.3275687418980401,0.2927881896126329,0.9443079820719724
26,2025-01-13 03:00:00,6.3015881526565325,16.29863725424937,2.3746588284065164,0.5349804125377827,0.2329086649978273,0.5228776951890322,0.3333064404851786,0.2897769792941661,0.9403738213997002
26,2025-01-13 03:10:00,4.441660783617518,24.23536249559629,2.1862509350944386,0.5661686018937334,0.2306244887745165,0.601564909047157,0.3342151688847487,0.2965770334252673,0.9398271186710496
26,2025-01-13 03:20:00,6.446524866791876,20.41560673390553,2.0012849350475297,0.5884871629723196,0.2652030887918062,0.5428427367500369,0.3018626679261574,0.3121377851248158,0.9385874600722742
26,2025-01-13 03:30:00,5.290103246371587,20.845021708048737,2.1327107622341845,0.573530218750082,0.2489447313646449,0.5546934415599146,0.3239895610583639,0.3009337835917108,0.9375455681047662
26,2025-01-13 03:40:00,7.727334102214158,8.451307419192961,2.370809680924141,0.5541496371467334,0.157301167152156,0.4428560945305949,0.331556804903214,0.2927963273374512,0.9244712941832924
26,2025-01-13 03:50:00,10.682105907528191,9.189474008315855,2.436263940673409,0.5555687311758174,0.1973842451355385,0.4500135212476186,0.3305803509503026,0.2891270423246327,0.93661601205269
26,2025-01-13 04:00:00,10.270644796234922,9.262014302519791,2.307597087276815,0.65976494895384,0.2473210262727089,0.5011673934711122,0.3715639415789453,0.3260539450764037,0.925223153982582
26,2025-01-13 04:10:00,8.409328767611267,11.118803783368914,2.044236880748574,0.6368316506348348,0.2069426942049403,0.4832251693381894,0.3154870484973739,0.3216299659355127,0.9269364970519192
26,2025-01-13 04:20:00,8.089530192027254,11.517172167382167,2.195037871180066,0.6016960984356503,0.2110858439441392,0.4678719741958743,0.3130727212503043,0.2949785741855984,0.9047703437943644
26,2025-01-13 04:30:00,7.96920110524142,9.72726042496238,2.2832035436898623,0.5745678950789745,0.1707116414910778,0.4732805716619124,0.3109283224442469,0.2825344490051953,0.8931434906237953
26,2025-01-13 04:40:00,8.49345923674982,10.587449538654775,2.283226581882316,0.5194199104703575,0.1871905994215876,0.4806687161798894,0.2995818220265392,0.2755346253614253,0.9270734972708266
26,2025-01-13 04:50:00,10.606393109793654,10.406315138716288,2.296856101625585,0.5216191681119865,0.2072898021960256,0.4728453918640664,0.2997193357904657,0.2747108476322178,0.9210778065343452
26,2025-01-13 05:00:00,7.569094240426579,9.196981897598464,2.34536294203188,0.5271819581350461,0.1682905208631121,0.4721154450426871,0.3087905129350469,0.2771178038654944,0.9219127616878132
26,2025-01-13 05:10:00,12.834851495320065,9.465553718956068,2.380067638289648,0.5285342903288612,0.2239300991444712,0.469109808790658,0.3133631472749211,0.2810897664928177,0.9297053220712678
26,2025-01-13 05:20:00,8.312827713850757,9.31119674848886,2.4281602578795374,0.5133658168037266,0.1802751143924658,0.4609773693563532,0.3114019668072108,0.2728869514642075,0.9286998211412832
26,2025-01-13 05:30:00,7.434674882855795,9.421326671201976,2.3889149635049423,0.5189460286935211,0.1783320888020888,0.4648313017771843,0.3104477803075601,0.2737477714398172,0.9241795093022548
26,2025-01-13 05:40:00,7.928521415339263,9.410073325584095,2.356967814881404,0.5329838077353979,0.1814569567073019,0.4561998963635933,0.3152498240396958,0.2810284265992041,0.9266109685486392
26,2025-01-13 05:50:00,7.30490993900489,8.630366203530857,2.458846590770138,0.5367580621135613,0.1703266906812906,0.4485835544994516,0.3272062875665149,0.2835290436520158,0.9265256423454226
26,2025-01-13 06:00:00,9.431583980057024,8.299086761755644,2.4535925955232973,0.553393447139449,0.1915472063903644,0.4436414506350224,0.3360109972300586,0.2895168800524686,0.927522545590792
26,2025-01-13 06:10:00,10.775272986816825,9.240839802692488,2.4095603498565903,0.5584077988299537,0.2223520513099841,0.4460064028044929,0.3329613881518804,0.2903911027013239,0.9213370807173166
26,2025-01-13 06:20:00,16.27312626045283,8.788648644795371,2.4107925590167034,0.5404126978199281,0.2893109828046662,0.4488340969007853,0.3303187988913483,0.2874679039671481,0.9325877035557656
26,2025-01-13 06:30:00,11.221021672621532,10.553387972719106,2.321180177020855,0.5201583230339127,0.2275154316533583,0.4656243133581566,0.3048928292477089,0.2772737570562144,0.930113776391408
26,2025-01-13 06:40:00,8.350458600385783,13.048426457478794,2.2050459257865587,0.5855493050072564,0.2400935656335395,0.4991215156064288,0.3401555025823806,0.313626646807442,0.9455747772239612
26,2025-01-13 06:50:00,12.893273914556325,10.15461704667245,2.044780122916627,0.5871161116153788,0.2557561642851173,0.4560329847325197,0.3088205926749213,0.3214591341652802,0.9401635305921148
26,2025-01-13 07:00:00,11.338748765916014,9.058380477399089,2.1164104822017817,0.5518608933713354,0.1908206895247516,0.4368142196032355,0.3053007323320916,0.3108381208975267,0.955242596251482
26,2025-01-13 07:10:00,8.189849709907019,9.137006889687523,2.1491806541858933,0.5407173591517168,0.1537391842699256,0.4390997642444246,0.2991237403019814,0.3043875830943687,0.9483438998343248
26,2025-01-13 07:20:00,8.822477061973027,8.86306120815651,2.192526147976826,0.5313051354644126,0.1571663893950625,0.4327294312979739,0.2994889689713886,0.2934943142481988,0.9468329368228192
26,2025-01-13 07:30:00,9.68944475640882,8.877859787546365,2.2015032821205573,0.5485908095925282,0.1772122089418417,0.4514832291621479,0.3090429369150789,0.295146751529158,0.9399244947133636
26,2025-01-13 07:40:00,9.7429560312187,8.8997738359824,2.193567699392172,0.5616299538274697,0.1795050877274743,0.4455709547076611,0.3167830945951129,0.3005425482965782,0.9379324423545616
26,2025-01-13 07:50:00,8.667992814882087,9.126024389923415,2.1950772683656026,0.5507513570599327,0.165282710305207,0.4529233915834909,0.3081222342635971,0.29343180731931,0.9347167307462608
26,2025-01-13 08:00:00,12.185649211835033,9.45764711487693,2.182297781451924,0.5536388737832135,0.2319405592188937,0.4537407090382878,0.311050402577446,0.29908408769762,0.9422772640050534
26,2025-01-13 08:10:00,8.11748956802797,9.022665603602825,2.239478714438115,0.5392412563117099,0.1614221945506256,0.4467323815276554,0.3088081949014003,0.2930908718375728,0.9449045031580277
26,2025-01-13 08:20:00,8.671393743643348,8.87518825445431,2.2170272467738563,0.53755161943719,0.1625428433151591,0.4458040792835431,0.3045800685526086,0.2922501398227401,0.944938209607645
26,2025-01-13 08:30:00,7.092800723259265,17.522926113398167,2.2076223169113725,0.5490728463316061,0.2757116344238771,0.5134870304285232,0.309817347802426,0.2973408347546212,0.9428131304929778
26,2025-01-13 08:40:00,6.886612467738725,17.930256124112073,2.185068980846983,0.5441577394505703,0.2869070327589885,0.5138564405904632,0.3032583628402497,0.3007293286784211,0.9430679363994388
26,2025-01-13 08:50:00,9.791455816098123,11.960979973021852,2.0799475514853607,0.561775479977869,0.2246255440027953,0.4655408643892254,0.2965785977018433,0.3103121012027219,0.9319741751953814
26,2025-01-13 09:00:00,9.735216155162858,9.948661066785402,2.025903548623066,0.5717651661276352,0.2017326750917658,0.4492985225466056,0.2980235001130402,0.3197306619899261,0.948750759322932
26,2025-01-13 09:10:00,7.572451883986556,10.61137584397832,2.0278954172778034,0.5772824790554314,0.1910159723313028,0.4594982862160069,0.2968153605032402,0.3181357951326053,0.9387286137201396
26,2025-01-13 09:20:00,7.835730282486018,11.702389213744336,1.974274311159,0.5826005122316557,0.2141006627644362,0.4655790627315727,0.2988227279755929,0.3227711350874913,0.9569138113647788
26,2025-01-13 09:30:00,7.401829738802212,8.40223480442417,1.901478477752797,0.6816037635501438,0.1556806634516353,0.4443273381128122,0.3549702583258607,0.3720052421629411,0.9556226789815948
26,2025-01-13 09:40:00,9.120302509245851,11.97342501371256,2.1404047500740693,0.5838095989854527,0.2394053054648604,0.5138776454762272,0.3156268496862676,0.3159006763636104,0.950821736391071
26,2025-01-13 09:50:00,7.948992206315428,11.164547717211551,2.112758864743721,0.6020441850607057,0.2054042055190526,0.5201413320225907,0.3207570538452454,0.3177570514738935,0.9442434939873388
26,2025-01-13 10:00:00,7.747449324472581,7.003466695288845,2.5782421509505165,0.5972103472095949,0.1563800949163388,0.4557412630453744,0.3865591018923475,0.3071569464314423,0.935756191686842
26,2025-01-13 10:10:00,8.292300523941837,15.871417365033894,1.96645432476351,0.6948732008646512,0.3195082774452072,0.5247271825506282,0.383024269024332,0.3411487001013444,0.92962620613768
26,2025-01-13 10:20:00,9.607076452496786,15.588048748452948,2.181805000831644,0.582754936534155,0.284993564563333,0.5027268754411511,0.3374598598795029,0.3067784393528689,0.9271564694799164
26,2025-01-13 10:30:00,7.182721618343407,13.62707208831528,2.371770144419228,0.5643927135773469,0.2270153388878163,0.4946748350273074,0.3311270764311298,0.292464282900942,0.9125046976278126
26,2025-01-13 10:40:00,4.99035311831132,16.697824848732427,2.3325770638952443,0.5341464747591484,0.1895375582756133,0.5375516315825175,0.3065366163966343,0.2783370647307214,0.9114831728050218
26,2025-01-13 10:50:00,7.828310783693306,18.675806730532777,2.2658824435196814,0.5517206815868757,0.2631471936827227,0.5395644331879129,0.3056671235991358,0.281130000589247,0.8959801968736276
26,2025-01-13 11:00:00,5.120063870130464,14.702917928572134,2.4389867650684893,0.5617406440695076,0.1921965402545122,0.4943160280233848,0.3297476938119182,0.2864774219248166,0.8974211957778485
26,2025-01-13 11:10:00,7.824187594397279,10.445180310131173,2.28874760158657,0.5686814331058815,0.1870720218192091,0.4418767567788664,0.3272398972608492,0.2898738626527556,0.8919673931674815
26,2025-01-13 11:20:00,9.562863534964366,9.94614240577765,1.9876472562658924,0.6119017207316002,0.1960912483066212,0.4335898317078556,0.3092802272862145,0.305943653722928,0.9030946195602746
26,2025-01-13 11:30:00,8.056895503897579,10.046366363678626,1.995139648848421,0.593227310587609,0.1745169940441149,0.4343903099006526,0.2900480110293613,0.3093878502510159,0.902875659962507
26,2025-01-13 11:40:00,7.455303117906794,10.918307680917303,2.146617748457406,0.5683347663560857,0.1675626082885733,0.4480737854271692,0.3024255333269559,0.3063609674285458,0.9209571407888564
26,2025-01-13 11:50:00,11.686307791532531,10.075187598258738,2.262012577530592,0.5849141952500271,0.2376170000389217,0.4509093701263324,0.307844153970385,0.2908025899735642,0.8793539955255455
26,2025-01-13 12:00:00,7.774098826892498,10.39111948314012,2.332960973938214,0.5703013936242006,0.1847008274804664,0.4584414015476331,0.3024385555065318,0.273104634016603,0.8591518373312226
26,2025-01-13 12:10:00,4.718866247177287,21.9581139392059,2.323116757831395,0.5745252859874171,0.2778113802586346,0.5389473904219017,0.3030307825638251,0.274617229726417,0.8575247668116975
26,2025-01-13 12:20:00,6.410047853544923,16.98634025933571,2.337080660073541,0.5631916979755182,0.2385170643183254,0.5029683339624169,0.3063775476717888,0.2770930129314487,0.8968905549874406
26,2025-01-13 12:30:00,8.950002639664524,10.31584246757409,2.2273242749543747,0.5663754961813826,0.1889369396581774,0.4412050519637934,0.300992054657337,0.2805724931698288,0.8879479265779691
26,2025-01-13 12:40:00,9.484367207444569,9.235182076900529,2.2425784835651705,0.5232701966938107,0.1709242548972802,0.42598156282787,0.2872437303818421,0.2689451944391769,0.903944335324064
26,2025-01-13 12:50:00,12.099702625337104,11.889379541431106,2.2417944085095707,0.5335294458027374,0.2565599176853,0.4482563518765745,0.2907438239183443,0.2730525176363519,0.901521655086466
26,2025-01-13 13:00:00,9.545823061340196,12.039643753375806,2.2785400068872432,0.5858425992828078,0.2335003362130551,0.4717279247496683,0.3040116702707934,0.2804271336797406,0.8646337163239979
26,2025-01-13 13:10:00,10.578461714447078,9.884175415749333,2.2843619116433285,0.5513434283440604,0.2018802452722197,0.4402491978818276,0.2938063229865308,0.2715979938175989,0.8744553956837934
26,2025-01-13 13:20:00,7.44276838091152,9.256706398237482,2.235287877717981,0.5312794549974124,0.1510798517272518,0.4231674682447303,0.2858210789103234,0.269707961632295,0.8904015781348322
26,2025-01-13 13:30:00,7.180205172708244,9.266879620497615,2.246822149363936,0.5326964860342014,0.1527864894191811,0.4230649725261244,0.2904787975064314,0.2724867583051379,0.8958551396618669
26,2025-01-13 13:40:00,9.570526945737532,9.380794291852716,2.2580514334519024,0.5319321465374753,0.1771475506045172,0.4279364824296008,0.2894277113356386,0.2698853016452511,0.8912600221892725
26,2025-01-13 13:50:00,7.530950754798744,9.419092923152787,2.275986426446244,0.530260196744716,0.1623266204245431,0.4266484727548987,0.2886507858966083,0.2694739991248028,0.8882446491152383
26,2025-01-13 14:00:00,8.639744411530177,9.28458777997742,2.274245650315983,0.5303571988637916,0.1603409603584756,0.4239689418584907,0.2906577829733823,0.2713808626664075,0.893301366716599
26,2025-01-13 14:10:00,9.405774807993954,10.784780331355009,2.2540484589104994,0.546247096951424,0.2020188165121504,0.4368218665553837,0.295112269785435,0.2769444335124921,0.8853404525427744
26,2025-01-13 14:20:00,11.134142365780182,12.208592310189932,2.2647509747180066,0.5890085808588936,0.2565949430856917,0.4711056521135728,0.3102606786516898,0.2887141117663114,0.8729055819590688
26,2025-01-13 14:30:00,4.905497717832454,9.67916907412937,2.2236213291480005,0.6122428021990671,0.1479798228524106,0.4566906817182619,0.3179350114103564,0.298654373216643,0.8746404436563131
26,2025-01-13 14:40:00,7.220348021800605,9.774210816316153,2.1685607127737705,0.6182096450421259,0.1686346812693106,0.4534409988485909,0.3114710335345849,0.2997248059887645,0.8652708825328661
26,2025-01-13 14:50:00,7.738366884698915,9.244405202192114,2.2111217033493773,0.6130391127648146,0.1681877437550342,0.4505670929314009,0.3114604028858927,0.2941708842306322,0.8629591219880283
26,2025-01-13 15:00:00,8.720461221958683,9.11630552772512,2.2593336040189627,0.6066544547130186,0.1739707704879191,0.4489783962163087,0.3121648648696189,0.2857632408752935,0.8578869013037888
26,2025-01-13 15:10:00,8.91679263062059,8.944923784951111,2.2863720487957493,0.6065635976434248,0.1738515321041538,0.4474182483099641,0.31517395135094,0.2852306401938038,0.8540067511302913
26,2025-01-13 15:20:00,8.848874301349147,8.694189836255577,2.416544656565681,0.5859533138994752,0.1615510211207669,0.4345063738601631,0.3192585871706948,0.2759667902021978,0.849261119230782
26,2025-01-13 15:30:00,11.855710037708109,10.705388372519666,2.355180846547116,0.5852100560817255,0.2395683642308852,0.4658185495666193,0.305911368666243,0.2737038371756554,0.8433558678267625
26,2025-01-13 15:40:00,12.623567700473345,10.798034349453925,2.282887331338422,0.6039161500936552,0.2672946723863451,0.4601997832268983,0.3058892078438548,0.2826229706653516,0.8454750633096305
26,2025-01-13 15:50:00,11.793981497157189,10.534178757253333,2.2838660530704984,0.599517544576417,0.261421343419099,0.4534580921921838,0.3061268510067717,0.2808458429288673,0.8484218951607949
26,2025-01-13 16:00:00,6.235776851894879,14.873194657550892,2.3606012237619747,0.5955565402982886,0.2136729439954079,0.4998370836786468,0.3100469389981236,0.2758952193627438,0.8403630907180902
26,2025-01-13 16:10:00,5.339775381611402,10.989507256658015,2.3871245770852467,0.5964310388326246,0.1584373837103836,0.4655658972100284,0.3162174541644547,0.2780515497797427,0.8425657856257601
26,2025-01-13 16:20:00,7.7281003438068145,8.764413690679222,2.350522734518498,0.6080668968110892,0.1651850839613953,0.443411501038072,0.3192645277647827,0.2832020163483521,0.8489132073647095
26,2025-01-13 16:30:00,6.865271692585034,9.2971086421777,2.3311713637932097,0.6114128562937644,0.1608376921124714,0.4406795751448022,0.319240088331571,0.2830637127801811,0.8450922279896717
26,2025-01-13 16:40:00,8.497054839888145,9.020899680285062,2.272002248349775,0.5912444006246973,0.1558916636019881,0.4304799347813559,0.3063480850236078,0.277288497234721,0.8453610640943968
26,2025-01-13 16:50:00,8.339250077723552,8.988101387274549,2.2237556510477687,0.5641126441812483,0.155985287277891,0.425385771711521,0.3011462852451828,0.2802202249057361,0.8751628929061733
26,2025-01-13 17:00:00,8.626925615099141,9.417384279653447,2.189705712068102,0.5685706455760329,0.1850114589211269,0.4273600771645652,0.3036673810493102,0.2883637226476862,0.8870699987660025
26,2025-01-13 17:10:00,9.876417257755152,11.598473855747605,2.212932079308376,0.5488954544973039,0.2298899575879673,0.4473658277715842,0.2996593301246513,0.2853316558263492,0.904116853314767
26,2025-01-13 17:20:00,8.73063930729743,9.135493402637978,2.186909379772185,0.5715463738166213,0.1730820854575121,0.4372339201884924,0.3086318217803978,0.2920917995985925,0.8993091616051494
26,2025-01-13 17:30:00,6.941312060814863,9.295506143390089,2.2013471940113867,0.5479503263342014,0.1435726063039047,0.4317365299924575,0.2946725407972632,0.278681902644826,0.895633014926064
26,2025-01-13 17:40:00,5.078785448697788,17.921974671482925,2.242503605170835,0.554777472340251,0.2040472595840974,0.5166812522761194,0.3005194699191642,0.2815613969329056,0.8934851860921496
26,2025-01-13 17:50:00,3.3128496931578133,30.77954722079599,2.277808222445471,0.5608540256450991,0.2383492074207879,0.6417675655628088,0.301978830310736,0.2778401670985311,0.8709624915565887
26,2025-01-13 18:00:00,3.3539698373420705,24.758368978002924,2.351337202668546,0.5568835415681871,0.189528913261448,0.5980495532330654,0.3047981142318082,0.2730898096563917,0.8627814890925494
26,2025-01-13 18:10:00,7.848495481223406,12.162545063870471,2.2621532905611823,0.5557643445953193,0.2013095853032979,0.4616033046516782,0.2959295034820449,0.2722515701243451,0.8642386974944514
26,2025-01-13 18:20:00,7.355183568685194,18.25783926501752,2.291569028263575,0.5573950158205124,0.2694633240302965,0.5147209923797849,0.3010139855419456,0.2726929831347649,0.8598684183861351
26,2025-01-13 18:30:00,7.164336782933893,15.525735608861456,2.240412153385886,0.6088068078348874,0.2457689625033423,0.5087026809907881,0.3258759594034865,0.2945918803499681,0.8636573735072247
26,2025-01-13 18:40:00,7.547744025365186,11.791874409100648,2.092436578272749,0.5980890565653365,0.2086465305525413,0.4553648102000583,0.2938355100300807,0.2961696764413539,0.8638759431842808
26,2025-01-13 18:50:00,6.989315196946668,15.37442687529676,2.280031238367352,0.559337266607484,0.2441743536389153,0.4804042299603893,0.2953326974313456,0.2735844592000971,0.857784352024376
26,2025-01-13 19:00:00,9.69510411826596,12.173075320058675,1.536505101085437,0.6744173752899119,0.2529598172703885,0.4843790022021104,0.3408840195414939,0.4785041879413433,1.2612611100305469
26,2025-01-13 19:10:00,7.391541497784146,9.18139061723406,1.832582867174316,0.6482861167730757,0.1565187269624098,0.4452324776046638,0.3115715288105857,0.3681757133368219,1.0171700364184175
26,2025-01-13 19:20:00,7.973636362078663,9.693492746269325,2.1138684259666274,0.6167719812438309,0.1648928358183712,0.446084958109501,0.2985840875130243,0.2955758666009502,0.8913768012341248
26,2025-01-13 19:30:00,8.705340400741834,9.46419304118846,2.1994568381871136,0.6135316538291326,0.1785166315376219,0.4419773324915862,0.3018018116076563,0.2851042706547753,0.8661509510542909
26,2025-01-13 19:40:00,7.726453618886141,9.84154750626554,2.3221708282829523,0.6075838494073486,0.1788401803929385,0.448998598409634,0.3100072334739346,0.2777663383987646,0.8387401506468962
26,2025-01-13 19:50:00,9.219985701582596,11.452483273929042,2.3196412074407595,0.5984364226585539,0.2249245793019033,0.4653079365044221,0.3010141163993244,0.2714265395041747,0.8204424860252668
26,2025-01-13 20:00:00,7.203767690015688,12.43366632943436,2.273670188120049,0.6062548738343676,0.2263990202302362,0.4688782831775969,0.2994726909118982,0.2750540983270922,0.8235147595826136
26,2025-01-13 20:10:00,7.872635472371113,12.536727221045844,2.304640360397366,0.6073049533768787,0.2072342805182423,0.4772529425472026,0.3006139018954749,0.275265785118052,0.8178595425454936
26,2025-01-13 20:20:00,6.5444562946276745,19.114026169359125,2.191045901980405,0.6285131251741125,0.2901613658867311,0.5256971997202657,0.3051018292135309,0.2882074655763397,0.8311907416130159
26,2025-01-13 20:30:00,5.053268327136448,13.926787978128935,2.2489617214396413,0.6129471960508431,0.1868264943778798,0.4832460299964584,0.2994145855900637,0.2788628431224432,0.8220467267692072
26,2025-01-13 20:40:00,8.579062864093718,9.438675911930591,2.283224304995368,0.6053927839968,0.1730146967037474,0.4513208872660389,0.3007781612928915,0.279197738854146,0.827781716152441
26,2025-01-13 20:50:00,8.171838064151776,9.852255146393288,2.2049190381036854,0.618942688254891,0.170426264311999,0.455207157204762,0.3059167830588152,0.287202866978076,0.8382304039116439
26,2025-01-13 21:00:00,7.901875106850899,9.822319461607934,2.234835902206324,0.6123724284682893,0.168871516948109,0.4499455353079838,0.2997487654911989,0.2810280189320496,0.8257538359386845
26,2025-01-13 21:10:00,8.050370265559996,10.113488397851508,2.2197565778845805,0.6207446307623125,0.1744621052779878,0.4497986504916324,0.3039988013122671,0.2873090648857562,0.8319820018429436
26,2025-01-13 21:20:00,7.622769665875324,12.002365180412603,2.234630969693098,0.6231476237086243,0.2087993876379766,0.471903526225888,0.3011051471149478,0.2874994907766559,0.818754146167577
26,2025-01-13 21:30:00,7.36775492993414,17.096370243458654,2.192056350994649,0.6462012316682946,0.266771905993905,0.5157728509197549,0.3090139650966181,0.301792213889004,0.8209110172847445
26,2025-01-13 21:40:00,9.1898396403617,10.435273887122849,2.102168750121189,0.6626558624889242,0.1888882999293131,0.454537009186803,0.3086658979201024,0.3099520373496576,0.8287162170704029
26,2025-01-13 21:50:00,9.447717793373563,16.113915012381383,2.122177046804778,0.651774210803559,0.3438302306952675,0.4914033793897608,0.3069434217893385,0.3067559821495159,0.8567286497613964
26,2025-01-13 22:00:00,7.567331783163372,12.91258609415322,2.0984273712999904,0.6640335964321705,0.236636065527821,0.4746848152876673,0.3116684736045561,0.305554144814447,0.8555879962253843
26,2025-01-13 22:10:00,7.859431980357329,17.365837272546727,2.135330955662506,0.6793369184452799,0.2913170485696681,0.5168565246021736,0.3226529910358029,0.3042419440198335,0.8294178722747881
26,2025-01-13 22:20:00,5.787874937001136,18.59883875392439,2.139333034016177,0.6729351308861995,0.2392916234874061,0.5272075170005943,0.3228445142156175,0.3062908507569889,0.8419486677687957
26,2025-01-13 22:30:00,5.269092680496887,17.585602821347894,2.266760589396771,0.6295926591048747,0.2091397772900581,0.5260011908922605,0.3115268460598398,0.2957486180103061,0.8379605730100451
26,2025-01-13 22:40:00,4.99767982744881,20.215117121276524,2.353873258775308,0.5962220256882195,0.2602267338327775,0.5516806685577457,0.3139386072122163,0.2811464798647224,0.8518752342097284
26,2025-01-13 22:50:00,7.228762987792669,9.105516727705728,2.27717722630468,0.6240842723387912,0.1642835677307009,0.4517610867618563,0.3202952302226906,0.294748383044407,0.8598151684594961
26,2025-01-13 23:00:00,8.195539452117716,8.630954671522298,2.2081747748872287,0.641905481906426,0.1639011413534193,0.4467486113168201,0.328585695212938,0.3115371510598317,0.8735767588412773
26,2025-01-13 23:10:00,7.851775825675991,8.882935656632197,2.315115734370544,0.6084000887083638,0.158756045763914,0.4436463946667665,0.3166326136610117,0.2829759862433862,0.8478223394571758
26,2025-01-13 23:20:00,9.637210968343158,13.175081272229791,2.4203009862374083,0.5764733006396044,0.2578206633944754,0.4848773584574395,0.3164723371352988,0.277198500887644,0.8671377279457284
26,2025-01-13 23:30:00,8.05296982284773,8.838742285310259,2.370894705400725,0.5880609890470717,0.1759857464180609,0.44993038075294,0.3207543046651597,0.2842058493400218,0.871744149040518
26,2025-01-13 23:40:00,4.871647673574921,10.753717763789671,2.320125472740537,0.598435926075312,0.1507490931354764,0.4545672700449781,0.3184662668182972,0.285038934788683,0.8640811991046898
26,2025-01-13 23:50:00,8.334448218070252,11.372605693172828,2.2578583963052115,0.5991253502517678,0.199102109819773,0.4666558255122893,0.3131133156623459,0.2918847500469681,0.8732203929888368
